requirement_id,priority,requirement,source,owner_module,implementation_file,unit_test,integration_test,device_evidence,backend_evidence,artifact_evidence,status,notes
DL1-APEX-001,P0,Monthly Apex final checkpoint is exactly 1000 km,"master #-1, #6.3.1, #11.8",progression,tools/lib/constants.mjs; backend/supabase/migrations/0003_monthly_apex.sql,tools/tests/monthly-apex.test.mjs,backend/supabase/tests/pgtap/03_monthly_apex.sql,N/A,pgTAP 03 (44 tests),content/launch/progression/monthly_apex_0_1000.json,PASS,Enforced by CHECK apex_final_is_exactly_1000km
DL1-APEX-002,P0,Exactly 52 checkpoints between 0 and 1000 km,master #6.3.1,progression,tools/lib/constants.mjs; backend/supabase/migrations/0003_monthly_apex.sql,tools/tests/monthly-apex.test.mjs,backend/supabase/tests/pgtap/03_monthly_apex.sql,N/A,pgTAP 03,launch_content_manifest.json,PASS,CHECK apex_checkpoint_count_is_52
DL1-APEX-003,P0,"No tier, rank or checkpoint above World Crown","master #-1, #29.1",progression,backend/supabase/migrations/0003_monthly_apex.sql; tools/direction-lock/scan.mjs,tools/tests/monthly-apex.test.mjs,backend/supabase/tests/pgtap/03_monthly_apex.sql,N/A,pgTAP 03; enum order test,direction-lock scan: 0 violations,PASS,apex_rank enum ends at world_crown; 1250/1500/2000 inserts rejected
DL1-APEX-004,P0,Distance beyond 1000 km keeps its ordinary per-run reward,"master #6.3, #11.6",progression,backend/supabase/migrations/0007_reward_transaction.sql,tools/tests/reward.test.mjs,backend/supabase/tests/pgtap/03_monthly_apex.sql,N/A,pgTAP 03 'crown-3' case,N/A,PASS,over_crown_meters banked; ledger amount > 0; no new checkpoint
DL1-APEX-005,P0,"Multi-checkpoint crossing is atomic, ascending, no gap or duplicate",master #11.8,progression,backend/supabase/migrations/0007_reward_transaction.sql,tools/tests/monthly-apex.test.mjs,backend/supabase/tests/pgtap/03_monthly_apex.sql,N/A,pgTAP 03 (85 km and 1200 km cases),N/A,PASS,"unique (user_id, month_key, checkpoint_id)"
DL1-APEX-006,P0,World Crown and Apex Axis unlock exactly once per user-month,master #11.8,progression,backend/supabase/migrations/0003_monthly_apex.sql,tools/tests/monthly-apex.test.mjs,backend/supabase/tests/pgtap/03_monthly_apex.sql,N/A,pgTAP 03,N/A,PASS,"unique (user_id, month_key)"
DL1-APEX-007,P0,Apex Axis final boss content exists and nothing follows it,master #7.3,content,tools/content-factory/world/world-design.mjs,N/A,backend/supabase/tests/pgtap/05_content_completeness.sql,N/A,pgTAP 05,content/launch/world/bosses/apex_boss.json,DATA_PASS,Data + design only; no playable scene (BLOCKED_TOOLCHAIN: Unity)
DL2-PASS-001,P0,"Runner Passport recommends, never restricts","master #-1.3, #11.2",running,tools/lib/runner-passport.mjs,tools/tests/runner-passport.test.mjs,N/A,N/A,N/A,N/A,PASS,restrictions/prerequisites/locked_* asserted empty for all fixtures
DL2-PASS-002,P0,Eight independent first-session fixtures start at their own level,master #22.4,running,tools/lib/runner-passport.mjs,tools/tests/runner-passport.test.mjs,N/A,N/A,N/A,N/A,PASS,"beginner, 3-4k, 5k, 10k, half, marathon, 50k/custom, override"
DL2-PASS-003,P0,No low-distance prerequisite gates any goal,"master #-1.3, #29.1",running,tools/lib/runner-passport.mjs; backend/supabase/migrations/0002_running.sql,tools/tests/runner-passport.test.mjs,N/A,N/A,run_goal_definitions has no requires_goal_id column,N/A,PASS,Every fixture can select all 21 distances and 11 durations on day one
DL2-GOAL-001,P0,"Full goal library: 400 m-50 km, 10-180 min, custom, 15 styles",master #7.1,running,tools/lib/constants.mjs; content/launch/running/goal_library.json,tools/tests/runner-passport.test.mjs,N/A,N/A,seeded into api.run_goal_definitions,content/launch/running/goal_library.json,PASS,
DL3-SCOPE-001,P0,"Running only: road, track, treadmill, indoor",master #-1.4,running,backend/supabase/migrations/0002_running.sql; tools/lib/constants.mjs,tools/tests/reward.test.mjs,backend/supabase/tests/pgtap/02_running_scope.sql,N/A,pgTAP 02 (14 tests),N/A,PASS,activity_type enum makes trail/hiking/cycling unrepresentable
DL3-SCOPE-002,P0,"No elevation, weather or night-time reward input","master #6.3, #11.1",running,tools/lib/reward.mjs; backend/supabase/migrations/0002_running.sql,tools/tests/reward.test.mjs,backend/supabase/tests/pgtap/02_running_scope.sql,N/A,pgTAP 02,direction-lock scan,PASS,19 forbidden reward keys throw; no such column exists in the schema
DL3-SCOPE-003,P0,run-walk exists only as a beginner running style,master #-1.4,running,tools/lib/constants.mjs,tools/tests/runner-passport.test.mjs,backend/supabase/tests/pgtap/02_running_scope.sql,N/A,pgTAP 02,N/A,PASS,
DL4-CONT-001,P0,"12 continents, all visible and playable at launch",master #7.2,content,tools/content-factory/world/world-design.mjs,N/A,backend/supabase/tests/pgtap/05_content_completeness.sql,N/A,pgTAP 05; assert_launch_content_complete(),content/launch/world/continents/continents.json,DATA_PASS,12/12 data complete and unique; 0/12 playable (BLOCKED_TOOLCHAIN: Unity)
DL4-CONT-002,P0,"96 region nodes, all reachable",master #7.2,content,tools/content-factory/build.mjs,N/A,tools/content-validator/validate.mjs,N/A,pgTAP 05,content/launch/world/regions/regions.json,DATA_PASS,Route graph BFS-verified reachable
DL4-CONT-003,P0,72 main stages and 24 side stages,master #7.3,content,tools/content-factory/world/world-design.mjs,N/A,tools/content-validator/validate.mjs,N/A,pgTAP 05,content/launch/world/stages/*.json,DATA_PASS,No objective repeats within a continent main line
DL4-CHAR-001,P0,"12 playable characters, all visible and trial-playable",master #7.4,content,tools/content-factory/characters/character-design.mjs,N/A,tools/content-validator/validate.mjs,N/A,pgTAP 05,content/launch/characters/roster/characters.json,DATA_PASS,"8 roles, 12 distinct presentations, no gacha"
DL4-CHAR-002,P0,"36 episodes, 48 skills, 72 relics, 12 companions, 96 cosmetics",master #7.4,content,tools/content-factory/build.mjs,N/A,tools/content-validator/validate.mjs,N/A,pgTAP 05,launch_content_manifest.json,DATA_PASS,
DL4-DUP-001,P0,No colour/name reskin counted toward the launch floor,"master #17.3, #22.2",content,tools/content-validator/validate.mjs,N/A,tools/content-validator/validate.mjs,N/A,validator run,"8 duplicate scans, all under threshold",PASS,Caught and fixed a real relic reskin during development
DL5-POWER-001,P0,Only verified running grants core power,master #6.1,progression,backend/supabase/migrations/0004_ledger_momentum.sql,tools/tests/reward.test.mjs,backend/supabase/tests/pgtap/04_ledger_integrity.sql,N/A,pgTAP 04 (17 tests),N/A,PASS,core_power_source enum rejects purchase/ad/idle/referral/login_day
DL5-POWER-002,P0,Cosmetics carry exactly zero power,master #6.2,content,backend/supabase/migrations/0005_content.sql,N/A,backend/supabase/tests/pgtap/04_ledger_integrity.sql,N/A,pgTAP 04,content/launch/characters/cosmetics/cosmetics.json,PASS,Six CHECK constraints = 0
RWD-001,P0,Reward is 15 independent explainable components,master #11.6,progression,tools/lib/reward.mjs; backend/supabase/migrations/0007_reward_transaction.sql,tools/tests/reward.test.mjs,backend/supabase/tests/pgtap/03_monthly_apex.sql,N/A,pgTAP 03,N/A,PASS,Components sum to subtotal; every component carries an explanation
RWD-002,P0,More verified distance never reduces the base reward,master #11.6,progression,tools/lib/reward.mjs,tools/tests/reward.test.mjs,N/A,N/A,N/A,N/A,PASS,Monotonicity test
RWD-003,P0,Several runs on one day each pay in full; streak advances once,"master #6.3, #11.7",progression,backend/supabase/migrations/0007_reward_transaction.sql,tools/tests/momentum.test.mjs,backend/supabase/tests/pgtap/03_monthly_apex.sql,N/A,pgTAP 03,N/A,PASS,"run_reward_days unique (user_id, reward_day)"
RWD-004,P0,Duplicate/replayed upload never pays twice,master #12.1,backend,backend/supabase/migrations/0004_ledger_momentum.sql; 0007_reward_transaction.sql,tools/tests/monthly-apex.test.mjs,backend/supabase/tests/pgtap/03_monthly_apex.sql,N/A,pgTAP 03 + 04,N/A,PASS,"unique (user_id, idempotency_key); server_nonce unique"
RWD-005,P0,Ledger is immutable; corrections are reversal rows,master #11.10,backend,backend/supabase/migrations/0004_ledger_momentum.sql,N/A,backend/supabase/tests/pgtap/04_ledger_integrity.sql,N/A,pgTAP 04,N/A,PASS,UPDATE/DELETE rules discard; reversal_of + sign CHECK
SEC-001,P0,RLS on every exposed relation; cross-user access denied,master #16.7,backend,backend/supabase/migrations/0006_rls.sql,N/A,backend/supabase/tests/pgtap/01_schema_rls.sql,N/A,pgTAP 01 (33 tests),N/A,PASS,enable + force RLS on all api tables
SEC-002,P0,Raw route/samples unreachable from any client role,"master #16.8, #20.3",backend,backend/supabase/migrations/0001_foundation.sql; 0006_rls.sql,N/A,backend/supabase/tests/pgtap/01_schema_rls.sql,N/A,pgTAP 01,N/A,PASS,private schema has no USAGE grant for anon/authenticated
SEC-003,P0,"Client cannot write ledger, apex progress, crown or passport",master #16.7,backend,backend/supabase/migrations/0006_rls.sql,N/A,backend/supabase/tests/pgtap/01_schema_rls.sql,N/A,pgTAP 01,N/A,PASS,"SELECT-only grants, explicit REVOKE of write verbs"
BE-001,P1,Distance best-effort extraction for 20 benchmark distances,master #10.9,running,tools/lib/best-effort.mjs,tools/tests/best-effort.test.mjs,N/A,N/A,N/A,N/A,PASS,Guards against impossible splits and non-monotonic journals
AND-001,P0,Kotlin foreground location service with append-only journal,master #10.1,android,native/android-running-plugin/,N/A,N/A,N/A,N/A,N/A,BLOCKED_TOOLCHAIN,Source authored; no Android SDK (dl.google.com blocked by network policy)
AND-002,P0,API 36 / ARM64 / IL2CPP / 16 KB page-size APK,master #24.4,android,N/A,N/A,N/A,N/A,N/A,N/A,BLOCKED_TOOLCHAIN,No Android SDK and no Unity Editor
UNI-001,P0,"Unity 6.3 client, scenes, streaming, UI",master #17,client,client/unity/,N/A,N/A,N/A,N/A,N/A,BLOCKED_TOOLCHAIN,No Unity Editor or licence available
PERF-001,P0,30 fps on a 4 GB-class physical device,master #19.2,client,N/A,N/A,N/A,N/A,N/A,N/A,BLOCKED_DEVICE,No physical device; emulator numbers are explicitly not substituted
REL-001,P0,"GitHub Release with APK, checksums, SBOM and manifests",master #24.5,release,N/A,N/A,N/A,N/A,N/A,N/A,BLOCKED_TOOLCHAIN,No APK can be produced in this environment
REL-002,P0,Google Play internal test track,master #24.6,release,N/A,N/A,N/A,N/A,N/A,N/A,BLOCKED_ACCOUNT,No Play credentials; requires owner approval
